extraction_type_group,construction_year
afridev,2002.3168214654283
gravity,1995.965948923385
india mark ii,2001.3084279737
india mark iii,2004.126984126984
mono,1992.6345407503234
nira/tanira,1999.4211655345011
other,1993.1368588891842
other handpump,2000.7117903930132
other motorpump,2011.6666666666667
rope pump,2005.8102564102564
submersible,1999.3065286624203
swn 80,1996.6713700500682
wind-powered,1995.377049180328
