basin,gps_height_imputed_basin
Internal,1474.5504704875962
Lake Nyasa,1524.6542372881356
Lake Rukwa,1415.1373517786562
Lake Tanganyika,1270.0632421982878
Lake Victoria,1329.265007898894
Pangani,1081.716006079738
Rufiji,1029.789033866002
Ruvuma / Southern Coast,411.1894361488745
Wami / Ruvu,268.4188925081433
