basin,population_imputed_basin
Internal,278.7533162173727
Lake Nyasa,157.03528172722486
Lake Rukwa,406.38157894736844
Lake Tanganyika,472.9001962433417
Lake Victoria,529.257503949447
Pangani,172.49133012641235
Rufiji,218.6971502173563
Ruvuma / Southern Coast,290.7604437101723
Wami / Ruvu,306.7075623491553
